FILENAME, STATUS
QF_UFIDL/uclid/43s.smt2,RETURN PROOF
QF_UFIDL/uclid2/ooo.tag17.smt2,RETURN PROOF
QF_UFIDL/uclid/37s.smt2,RETURN PROOF
QF_UFIDL/uclid/dlx1c.smt2,RETURN PROOF
QF_UFIDL/uclid/q2.12.smt2,RETURN PROOF
QF_UFIDL/uclid/46s.smt2,RETURN PROOF
QF_UFIDL/uclid/ooo.rf8.smt2,RETURN PROOF
QF_UFIDL/uclid/cache.inv8.smt2,RETURN PROOF
QF_UFIDL/uclid/ooo.tag10.smt2,RETURN PROOF
QF_UFIDL/uclid/49s.smt2,RETURN PROOF
QF_UFIDL/uclid/ooo.rf7.smt2,RETURN PROOF
QF_UFIDL/uclid/ooo.tag8.smt2,RETURN PROOF
QF_UFIDL/uclid/32s.smt2,RETURN PROOF
QF_UFIDL/uclid/elf.rf9.smt2,RETURN PROOF
QF_UFIDL/uclid/cache.inv12.smt2,RETURN PROOF
QF_UFIDL/uclid/dlx1c.rwmem.smt2,RETURN PROOF
QF_UFIDL/RDS/sorted_list_insert_noalloc9.smt2,RETURN PROOF
QF_UFIDL/uclid/dlx1c.rwmem1.smt2,RETURN PROOF
QF_UFIDL/uclid/ooo.tag14.smt2,RETURN PROOF
QF_UFIDL/uclid/22s.smt2,RETURN PROOF
QF_UFIDL/uclid/elf.rf8.smt2,RETURN PROOF
QF_UFIDL/uclid/elf.rf10.smt2,RETURN PROOF
QF_UFIDL/uclid/cache.inv14.smt2,RETURN PROOF
QF_UFIDL/uclid/cache.inv10.smt2,RETURN PROOF
QF_UFIDL/uclid2/ooo.tag19.smt2,RETURN PROOF
QF_UFIDL/uclid2/cache.inv15.smt2,RETURN PROOF
QF_UFIDL/uclid/ooo.tag12.smt2,RETURN PROOF
QF_UFIDL/uclid2/ooo.tag15.smt2,RETURN PROOF
QF_UFIDL/uclid/ooo.rf10.smt2,RETURN PROOF
QF_UFIDL/uclid/ooo.rf9.smt2,RETURN PROOF
QF_UFIDL/uclid/25s.smt2,RETURN PROOF
QF_UFIDL/pete2/c8n_i.smt2,RETURN PROOF
QF_UFIDL/pete2/c6idw_i.smt2,RETURN PROOF
QF_UFIDL/pete2/g10ni.smt2,RETURN PROOF
QF_UFIDL/pete2/c7nidw.smt2,RETURN PROOF
QF_UFIDL/pete2/c10nid_i.smt2,RETURN PROOF
QF_UFIDL/pete2/c6ni_s.smt2,RETURN PROOF
QF_UFIDL/pete2/c10id_s.smt2,RETURN PROOF
QF_UFIDL/pete2/f6b.smt2,RETURN PROOF
QF_UFIDL/pete2/g9b.smt2,RETURN PROOF
QF_UFIDL/pete2/c8nidw.smt2,RETURN PROOF
QF_UFIDL/pete2/c8n.smt2,RETURN PROOF
QF_UFIDL/pete2/c6bid_s.smt2,RETURN PROOF
QF_UFIDL/pete2/g6bi.smt2,RETURN PROOF
QF_UFIDL/pete2/c7b.smt2,RETURN PROOF
QF_UFIDL/pete2/c6bi_i.smt2,RETURN PROOF
QF_UFIDL/pete2/c8.smt2,RETURN PROOF
QF_UFIDL/pete2/c10idw_i.smt2,RETURN PROOF
QF_UFIDL/pete2/c8bidw_s.smt2,RETURN PROOF
QF_UFIDL/pete2/c6nidw_s.smt2,RETURN PROOF
QF_UFIDL/pete2/c10nidw_s.smt2,RETURN PROOF
QF_UFIDL/pete2/f8.smt2,RETURN PROOF
QF_UFIDL/pete2/c7n.smt2,RETURN PROOF
QF_UFIDL/pete2/c10nidw_i.smt2,RETURN PROOF
QF_UFIDL/pete2/c10bid_s.smt2,RETURN PROOF
QF_UFIDL/pete2/g8idw.smt2,RETURN PROOF
QF_UFIDL/pete2/c6id.smt2,RETURN PROOF
QF_UFIDL/pete2/g10n.smt2,RETURN PROOF
QF_UFIDL/pete2/f7bidw.smt2,RETURN PROOF
QF_UFIDL/pete2/c6bi.smt2,RETURN PROOF
QF_UFIDL/pete2/c10bi_i.smt2,RETURN PROOF
QF_UFIDL/pete2/c8bidw.smt2,RETURN PROOF
QF_UFIDL/pete2/g6i.smt2,RETURN PROOF
QF_UFIDL/pete2/f6bi.smt2,RETURN PROOF
QF_UFIDL/pete2/c9bidw_i.smt2,RETURN PROOF
QF_UFIDL/pete2/c8idw.smt2,RETURN PROOF
QF_UFIDL/pete2/c10bidw_s.smt2,RETURN PROOF
QF_UFIDL/pete2/c6id_i.smt2,RETURN PROOF
QF_UFIDL/pete2/c9b.smt2,RETURN PROOF
QF_UFIDL/pete2/g6id.smt2,RETURN PROOF
QF_UFIDL/pete2/c8_i.smt2,RETURN PROOF
QF_UFIDL/pete2/f7.smt2,RETURN PROOF
QF_UFIDL/pete2/g6n.smt2,RETURN PROOF
QF_UFIDL/pete2/f6idw.smt2,RETURN PROOF
QF_UFIDL/pete2/c10nid_s.smt2,RETURN PROOF
QF_UFIDL/pete2/f6n.smt2,RETURN PROOF
QF_UFIDL/pete2/c6bi_s.smt2,RETURN PROOF
QF_UFIDL/pete2/c9nidw_i.smt2,RETURN PROOF
QF_UFIDL/pete2/c6idw.smt2,RETURN PROOF
QF_UFIDL/pete2/g6bidw.smt2,RETURN PROOF
QF_UFIDL/pete2/c7idw.smt2,RETURN PROOF
QF_UFIDL/pete2/c9idw_s.smt2,RETURN PROOF
QF_UFIDL/pete2/c10ni.smt2,RETURN PROOF
QF_UFIDL/pete2/c6ni.smt2,RETURN PROOF
QF_UFIDL/pete2/c6.smt2,RETURN PROOF
QF_UFIDL/pete2/f7b.smt2,RETURN PROOF
QF_UFIDL/pete2/c6bidw_i.smt2,RETURN PROOF
QF_UFIDL/pete2/c9nidw_s.smt2,RETURN PROOF
QF_UFIDL/pete2/c7bidw.smt2,RETURN PROOF
QF_UFIDL/pete2/g7idw.smt2,RETURN PROOF
QF_UFIDL/pete2/c9_i.smt2,RETURN PROOF
QF_UFIDL/pete2/c10b_i.smt2,RETURN PROOF
QF_UFIDL/pete2/c6ni_i.smt2,RETURN PROOF
QF_UFIDL/pete2/c8b.smt2,RETURN PROOF
QF_UFIDL/pete2/c6i_s.smt2,RETURN PROOF
QF_UFIDL/pete2/c6i_i.smt2,RETURN PROOF
QF_UFIDL/pete2/f6nidw.smt2,RETURN PROOF
QF_UFIDL/pete2/g9n.smt2,RETURN PROOF
QF_UFIDL/pete2/c10.smt2,RETURN PROOF
QF_UFIDL/pete2/c10id_i.smt2,RETURN PROOF
QF_UFIDL/pete2/g6idw.smt2,RETURN PROOF
QF_UFIDL/pete2/c8bidw_i.smt2,RETURN PROOF
QF_UFIDL/pete2/c10ni_i.smt2,RETURN PROOF
QF_UFIDL/pete2/c9n_i.smt2,RETURN PROOF
QF_UFIDL/RTCL/b13_tf_100/b13_tf_100.smt2,RETURN PROOF
QF_UFIDL/pete2/c6i.smt2,RETURN PROOF
QF_UFIDL/pete2/c10bi_s.smt2,RETURN PROOF
QF_UFIDL/pete2/g8b.smt2,RETURN PROOF
QF_UFIDL/pete2/c7b_i.smt2,RETURN PROOF
QF_UFIDL/pete2/g10i.smt2,RETURN PROOF
QF_UFIDL/pete2/c10nidw.smt2,RETURN PROOF
QF_UFIDL/pete2/c8idw_s.smt2,RETURN PROOF
QF_UFIDL/pete2/c6bidw_s.smt2,RETURN PROOF
QF_UFIDL/pete2/c10n.smt2,RETURN PROOF
QF_UFIDL/pete2/c9bidw.smt2,RETURN PROOF
QF_UFIDL/pete2/g6nidw.smt2,RETURN PROOF
QF_UFIDL/pete2/f6ni.smt2,RETURN PROOF
QF_UFIDL/pete2/c7bidw_i.smt2,RETURN PROOF
QF_UFIDL/pete2/g10bi.smt2,RETURN PROOF
QF_UFIDL/pete2/f6id.smt2,RETURN PROOF
QF_UFIDL/pete2/f6bid.smt2,RETURN PROOF
QF_UFIDL/pete2/c6nid_i.smt2,RETURN PROOF
QF_UFIDL/pete2/c10i.smt2,RETURN PROOF
QF_UFIDL/pete2/c6b_i.smt2,RETURN PROOF
QF_UFIDL/pete2/c6idw_s.smt2,RETURN PROOF
QF_UFIDL/pete2/c10bi.smt2,RETURN PROOF
QF_UFIDL/pete2/c10b.smt2,RETURN PROOF
QF_UFIDL/pete2/g9.smt2,RETURN PROOF
QF_UFIDL/pete2/c9.smt2,RETURN PROOF
QF_UFIDL/pete2/c10id.smt2,RETURN PROOF
QF_UFIDL/pete2/c10_i.smt2,RETURN PROOF
QF_UFIDL/pete2/f6i.smt2,RETURN PROOF
QF_UFIDL/pete2/c6_i.smt2,RETURN PROOF
QF_UFIDL/pete2/g7n.smt2,RETURN PROOF
QF_UFIDL/pete2/c6nid_s.smt2,RETURN PROOF
QF_UFIDL/pete2/g7bidw.smt2,RETURN PROOF
QF_UFIDL/pete2/c8idw_i.smt2,RETURN PROOF
QF_UFIDL/pete2/c6nid.smt2,RETURN PROOF
QF_UFIDL/pete2/c8nidw_s.smt2,RETURN PROOF
QF_UFIDL/pete2/c9n.smt2,RETURN PROOF
QF_UFIDL/pete2/c10ni_s.smt2,RETURN PROOF
QF_UFIDL/pete2/c6n.smt2,RETURN PROOF
QF_UFIDL/pete2/c7n_i.smt2,RETURN PROOF
QF_UFIDL/pete2/c8b_i.smt2,RETURN PROOF
QF_UFIDL/pete2/g10.smt2,RETURN PROOF
QF_UFIDL/pete2/c10idw_s.smt2,RETURN PROOF
QF_UFIDL/pete2/c7idw_i.smt2,RETURN PROOF
QF_UFIDL/pete2/g8nidw.smt2,RETURN PROOF
QF_UFIDL/pete2/c9bidw_s.smt2,RETURN PROOF
QF_UFIDL/pete2/g6.smt2,RETURN PROOF
QF_UFIDL/pete2/g10b.smt2,RETURN PROOF
QF_UFIDL/pete2/c6bid_i.smt2,RETURN PROOF
QF_UFIDL/pete2/f6.smt2,RETURN PROOF
QF_UFIDL/pete2/c9idw.smt2,RETURN PROOF
QF_UFIDL/pete2/c10bid_i.smt2,RETURN PROOF
QF_UFIDL/pete2/g8n.smt2,RETURN PROOF
QF_UFIDL/pete2/g8.smt2,RETURN PROOF
QF_UFIDL/pete2/c6nidw.smt2,RETURN PROOF
QF_UFIDL/pete2/c8nidw_i.smt2,RETURN PROOF
QF_UFIDL/pete2/c6n_i.smt2,RETURN PROOF
QF_UFIDL/pete2/c10bid.smt2,RETURN PROOF
QF_UFIDL/pete2/f6nid.smt2,RETURN PROOF
QF_UFIDL/pete2/f7nidw.smt2,RETURN PROOF
QF_UFIDL/pete2/c7bidw_s.smt2,RETURN PROOF
QF_UFIDL/pete2/f6bidw.smt2,RETURN PROOF
QF_UFIDL/pete2/c9idw_i.smt2,RETURN PROOF
QF_UFIDL/pete2/c10nid.smt2,RETURN PROOF
QF_UFIDL/pete2/c6b.smt2,RETURN PROOF
QF_UFIDL/pete2/c6bidw.smt2,RETURN PROOF
QF_UFIDL/pete2/c10i_s.smt2,RETURN PROOF
QF_UFIDL/pete2/g7nidw.smt2,RETURN PROOF
QF_UFIDL/pete2/c7idw_s.smt2,RETURN PROOF
QF_UFIDL/pete2/c6bid.smt2,RETURN PROOF
QF_UFIDL/pete2/c10bidw_i.smt2,RETURN PROOF
QF_UFIDL/pete2/f7idw.smt2,RETURN PROOF
QF_UFIDL/pete2/c7.smt2,RETURN PROOF
QF_UFIDL/pete2/c7_i.smt2,RETURN PROOF
QF_UFIDL/pete2/g7.smt2,RETURN PROOF
QF_UFIDL/pete2/c6id_s.smt2,RETURN PROOF
QF_UFIDL/pete2/c10bidw.smt2,RETURN PROOF
QF_UFIDL/pete2/c10idw.smt2,RETURN PROOF
QF_UFIDL/pete2/c6nidw_i.smt2,RETURN PROOF
QF_UFIDL/pete2/g6bid.smt2,RETURN PROOF
QF_UFIDL/pete2/c9b_i.smt2,RETURN PROOF
QF_UFIDL/pete2/c7nidw_i.smt2,RETURN PROOF
QF_UFIDL/pete2/c9nidw.smt2,RETURN PROOF
QF_UFIDL/pete2/f7n.smt2,RETURN PROOF
QF_UFIDL/pete2/c10i_i.smt2,RETURN PROOF
QF_UFIDL/pete2/c7nidw_s.smt2,RETURN PROOF
QF_UFIDL/pete2/g6nid.smt2,RETURN PROOF
QF_UFIDL/pete2/g7b.smt2,RETURN PROOF
QF_UFIDL/pete2/f8n.smt2,RETURN PROOF
QF_UFIDL/pete2/g6b.smt2,RETURN PROOF
QF_UFIDL/pete2/c10n_i.smt2,RETURN PROOF
QF_UFIDL/pete2/g6ni.smt2,RETURN 
QF_UFIDL/pete/fxs-bp-ex-inp.smt2,RETURN PROOF
QF_UFIDL/pete/fxs-bp-ex-inp-safety.smt2,RETURN PROOF
QF_UFIDL/pete/cxs-safety.smt2,RETURN PROOF
QF_UFIDL/pete/cxs-bp-ex.smt2,RETURN PROOF
QF_UFIDL/pete/fxs-safety.smt2,RETURN PROOF
QF_UFIDL/pete/8stage-flush.smt2,RETURN PROOF
QF_UFIDL/pete/cxs-bp-safety.smt2,RETURN PROOF
QF_UFIDL/pete/fxs.smt2,RETURN PROOF
QF_UFIDL/pete/fxs-bp-ex.smt2,RETURN PROOF
QF_UFIDL/pete/cxs-bp-ex-safety.smt2,RETURN PROOF
QF_UFIDL/pete/fxs-bp-ex-safety.smt2,RETURN PROOF
QF_UFIDL/pete/cxs-bp-ex-inp.smt2,RETURN PROOF
QF_UFIDL/pete/fxs-bp-safety.smt2,RETURN PROOF
QF_UFIDL/pete/cxs-bp.smt2,RETURN PROOF
QF_UFIDL/pete/fxs-bp.smt2,RETURN PROOF
QF_UFIDL/pete/cxs-bp-ex-inp-safety.smt2,RETURN PROOF
QF_UFIDL/pete/6stage-flush.smt2,RETURN PROOF
QF_UFIDL/pete/cxs.smt2,RETURN PROOF