FILENAME,STATUS
QF_UFIDL/RDS/set_union4.smt2,UN-UNSAT
QF_UFIDL/RDS/reverse_acyclic3.smt2,UN-UNSAT
QF_UFIDL/RDS/set_union3.smt2,UN-UNSAT
QF_UFIDL/RDS/sorted_list_insert_noalloc4.smt2,UN-UNSAT
QF_UFIDL/RDS/sorted_list_insert_noalloc2.smt2,UN-UNSAT
QF_UFIDL/RDS/simple_cyclic1.smt2,UN-UNSAT
QF_UFIDL/RDS/reverse_acyclic5.smt2,UN-UNSAT
QF_UFIDL/RDS/reverse_acyclic1.smt2,UN-UNSAT
QF_UFIDL/RDS/reverse_acyclic2.smt2,UN-UNSAT
QF_UFIDL/RDS/simple_cyclic3.smt2,UN-UNSAT
QF_UFIDL/RDS/set_union2.smt2,UN-UNSAT
QF_UFIDL/RDS/simple_cyclic2.smt2,UN-UNSAT
QF_UFIDL/RDS/simple_cyclic4.smt2,NO PROOF
QF_UFIDL/RDS/simple_cyclic0.smt2,UN-UNSAT
QF_UFIDL/RDS/set_union1.smt2,UN-UNSAT
QF_UFIDL/RDS/sorted_list_insert_noalloc3.smt2,UN-UNSAT
QF_UFIDL/RDS/sorted_list_insert_noalloc0.smt2,UN-UNSAT
QF_UFIDL/RDS/reverse_acyclic0.smt2,UN-UNSAT
QF_UFIDL/RDS/reverse_acyclic6.smt2,NO PROOF
QF_UFIDL/RDS/set_union5.smt2,NO PROOF
QF_UFIDL/RDS/reverse_acyclic4.smt2,UN-UNSAT
QF_UFIDL/RDS/sorted_list_insert_noalloc7.smt2,UN-UNSAT
QF_UFIDL/RDS/sorted_list_insert_noalloc5.smt2,UN-UNSAT
QF_UFIDL/RDS/sorted_list_insert_noalloc9.smt2,NO PROOF
QF_UFIDL/RDS/sorted_list_insert_noalloc6.smt2,UN-UNSAT
QF_UFIDL/RDS/set_union0.smt2,UN-UNSAT
QF_UFIDL/RDS/sorted_list_insert_noalloc8.smt2,UN-UNSAT
QF_UFIDL/RDS/sorted_list_insert_noalloc1.smt2,UN-UNSAT
QF_UFIDL/TwoSquares/smtlib.600189.smt2,NO PROOF
QF_UFIDL/TwoSquares/smtlib.877456.smt2,NO PROOF
QF_UFIDL/TwoSquares/smtlib.877439.smt2,NO PROOF
QF_UFIDL/TwoSquares/smtlib.877473.smt2,NO PROOF
QF_UFIDL/TwoSquares/smtlib.883203.smt2,NO PROOF
QF_UFIDL/TwoSquares/smtlib.600173.smt2,NO PROOF
QF_UFIDL/TwoSquares/smtlib.883188.smt2,NO PROOF
QF_UFIDL/TwoSquares/smtlib.600181.smt2,NO PROOF
QF_UFIDL/TwoSquares/smtlib.883218.smt2,NO PROOF
QF_UFIDL/TwoSquares/smtlib.693740.smt2,NO PROOF
QF_UFIDL/TwoSquares/smtlib.883173.smt2,NO PROOF
QF_UFIDL/TwoSquares/smtlib.693706.smt2,NO PROOF
QF_UFIDL/TwoSquares/smtlib.693723.smt2,NO PROOF
QF_UFIDL/uclid/cache.inv8.smt2,NO PROOF
QF_UFIDL/uclid/elf.rf8.smt2,NO PROOF
QF_UFIDL/uclid/q2.20.smt2,UN-UNSAT
QF_UFIDL/uclid/elf.rf10.smt2,NO PROOF
QF_UFIDL/uclid/elf.rf7.smt2,NO PROOF
QF_UFIDL/uclid/25s.smt2,NO PROOF
QF_UFIDL/uclid/ooo.tag10.smt2,NO PROOF
QF_UFIDL/uclid/q2.40.smt2,UN-UNSAT
QF_UFIDL/uclid/q2.14.smt2,NO PROOF
QF_UFIDL/uclid/44s.smt2,NO PROOF
QF_UFIDL/uclid/32s.smt2,NO PROOF
QF_UFIDL/uclid/cache.inv12.smt2,NO PROOF
QF_UFIDL/uclid/dlx1c.rwmem.smt2,NO PROOF
QF_UFIDL/uclid/dlx1c.smt2,NO PROOF
QF_UFIDL/uclid/q2.18.smt2,UN-UNSAT
QF_UFIDL/uclid/dlx1c.rwmem1.smt2,NO PROOF
QF_UFIDL/uclid/q2.30.smt2,UN-UNSAT
QF_UFIDL/uclid/ooo.rf6.smt2,NO PROOF
QF_UFIDL/uclid/q2.10.smt2,NO PROOF
QF_UFIDL/uclid/37s.smt2,NO PROOF
QF_UFIDL/uclid/27s.smt2,NO PROOF
QF_UFIDL/uclid/ooo.rf10.smt2,NO PROOF
QF_UFIDL/uclid/ooo.tag8.smt2,NO PROOF
QF_UFIDL/uclid/ooo.rf7.smt2,NO PROOF
QF_UFIDL/uclid/cache.inv10.smt2,NO PROOF
QF_UFIDL/uclid/q2.12.smt2,NO PROOF
QF_UFIDL/uclid/ooo.rf8.smt2,NO PROOF
QF_UFIDL/uclid/ooo.tag14.smt2,NO PROOF
QF_UFIDL/uclid/elf.rf9.smt2,NO PROOF
QF_UFIDL/uclid/ooo.tag12.smt2,NO PROOF
QF_UFIDL/uclid/22s.smt2,NO PROOF
QF_UFIDL/uclid/46s.smt2,NO PROOF
QF_UFIDL/uclid/49s.smt2,NO PROOF
QF_UFIDL/uclid/elf.rf6.smt2,NO PROOF
QF_UFIDL/uclid/ooo.rf9.smt2,NO PROOF
QF_UFIDL/uclid/cache.inv14.smt2,NO PROOF
QF_UFIDL/uclid/43s.smt2,NO PROOF
QF_UFIDL/uclid2/bug1.smt2,UN-UNSAT
QF_UFIDL/uclid2/ooo.tag17.smt2,NO PROOF
QF_UFIDL/uclid2/bug2.smt2,UN-UNSAT
QF_UFIDL/uclid2/cache.inv16.smt2,NO PROOF
QF_UFIDL/uclid2/ooo.tag15.smt2,NO PROOF
QF_UFIDL/uclid2/ooo.rf13.smt2,UN-UNSAT
QF_UFIDL/uclid2/cache.inv18.smt2,UN-UNSAT
QF_UFIDL/uclid2/ooo.rf12.smt2,UN-UNSAT
QF_UFIDL/uclid2/elf.rf12.smt2,UN-UNSAT
QF_UFIDL/uclid2/ooo.tag19.smt2,NO PROOF
QF_UFIDL/uclid2/cache.inv15.smt2,NO PROOF
QF_UFIDL/uclid2/cache.inv17.smt2,UN-UNSAT
QF_UFIDL/uclid2/ooo.rf11.smt2,UN-UNSAT
QF_UFIDL/pete/fxs-bp-ex-inp.smt2,NO PROOF
QF_UFIDL/pete/fxs-bp-ex-inp-safety.smt2,NO PROOF
QF_UFIDL/pete/cxs-safety.smt2,NO PROOF
QF_UFIDL/pete/cxs-bp-ex.smt2,NO PROOF
QF_UFIDL/pete/fxs-safety.smt2,NO PROOF
QF_UFIDL/pete/IC-flush.smt2,UN-UNSAT
QF_UFIDL/pete/8stage-flush.smt2,NO PROOF
QF_UFIDL/pete/cxs-bp-safety.smt2,NO PROOF
QF_UFIDL/pete/fxs.smt2,NO PROOF
QF_UFIDL/pete/fxs-bp-ex.smt2,NO PROOF
QF_UFIDL/pete/cxs-bp-ex-safety.smt2,NO PROOF
QF_UFIDL/pete/fxs-bp-ex-safety.smt2,NO PROOF
QF_UFIDL/pete/5s.smt2,NO PROOF
QF_UFIDL/pete/cxs-bp-ex-inp.smt2,NO PROOF
QF_UFIDL/pete/fxs-bp-safety.smt2,NO PROOF
QF_UFIDL/pete/cxs-bp.smt2,NO PROOF
QF_UFIDL/pete/fxs-bp.smt2,NO PROOF
QF_UFIDL/pete/cxs-bp-ex-inp-safety.smt2,NO PROOF
QF_UFIDL/pete/6stage-flush.smt2,NO PROOF
QF_UFIDL/pete/10stage-flush.smt2,UN-UNSAT
QF_UFIDL/pete/9stage-flush.smt2,UN-UNSAT
QF_UFIDL/pete/cxs.smt2,NO PROOF
QF_UFIDL/20210312-Bouvier/vlsat3_l18.smt2,UN-UNSAT
QF_UFIDL/20210312-Bouvier/vlsat3_l58.smt2,UN-UNSAT
QF_UFIDL/20210312-Bouvier/vlsat3_l85.smt2,UN-UNSAT
QF_UFIDL/20210312-Bouvier/vlsat3_f40.smt2,UN-UNSAT
QF_UFIDL/20210312-Bouvier/vlsat3_f51.smt2,UN-UNSAT
QF_UFIDL/20210312-Bouvier/vlsat3_f17.smt2,UN-UNSAT
QF_UFIDL/20210312-Bouvier/vlsat3_l82.smt2,UN-UNSAT
QF_UFIDL/20210312-Bouvier/vlsat3_l61.smt2,UN-UNSAT
QF_UFIDL/20210312-Bouvier/vlsat3_l42.smt2,UN-UNSAT
QF_UFIDL/20210312-Bouvier/vlsat3_f48.smt2,UN-UNSAT
QF_UFIDL/20210312-Bouvier/vlsat3_l84.smt2,UN-UNSAT
QF_UFIDL/20210312-Bouvier/vlsat3_l35.smt2,UN-UNSAT
QF_UFIDL/20210312-Bouvier/vlsat3_f50.smt2,UN-UNSAT
QF_UFIDL/20210312-Bouvier/vlsat3_f59.smt2,UN-UNSAT
QF_UFIDL/20210312-Bouvier/vlsat3_l44.smt2,UN-UNSAT
QF_UFIDL/20210312-Bouvier/vlsat3_l09.smt2,UN-UNSAT
QF_UFIDL/20210312-Bouvier/vlsat3_l47.smt2,UN-UNSAT
QF_UFIDL/20210312-Bouvier/vlsat3_f71.smt2,UN-UNSAT
QF_UFIDL/20210312-Bouvier/vlsat3_l75.smt2,UN-UNSAT
QF_UFIDL/20210312-Bouvier/vlsat3_f07.smt2,UN-UNSAT
QF_UFIDL/20210312-Bouvier/vlsat3_l93.smt2,NO PROOF
QF_UFIDL/20210312-Bouvier/vlsat3_f63.smt2,UN-UNSAT
QF_UFIDL/20210312-Bouvier/vlsat3_l33.smt2,UN-UNSAT
QF_UFIDL/20210312-Bouvier/vlsat3_f53.smt2,UN-UNSAT
QF_UFIDL/20210312-Bouvier/vlsat3_f58.smt2,UN-UNSAT
QF_UFIDL/20210312-Bouvier/vlsat3_f47.smt2,UN-UNSAT
QF_UFIDL/20210312-Bouvier/vlsat3_l16.smt2,UN-UNSAT
QF_UFIDL/20210312-Bouvier/vlsat3_f41.smt2,UN-UNSAT
QF_UFIDL/20210312-Bouvier/vlsat3_f24.smt2,UN-UNSAT
QF_UFIDL/20210312-Bouvier/vlsat3_f66.smt2,UN-UNSAT
QF_UFIDL/20210312-Bouvier/vlsat3_l74.smt2,UN-UNSAT
QF_UFIDL/20210312-Bouvier/vlsat3_f02.smt2,UN-UNSAT
QF_UFIDL/20210312-Bouvier/vlsat3_l10.smt2,UN-UNSAT
QF_UFIDL/20210312-Bouvier/vlsat3_l86.smt2,UN-UNSAT
QF_UFIDL/20210312-Bouvier/vlsat3_f93.smt2,UN-UNSAT
QF_UFIDL/20210312-Bouvier/vlsat3_l73.smt2,UN-UNSAT
QF_UFIDL/20210312-Bouvier/vlsat3_f26.smt2,UN-UNSAT
QF_UFIDL/20210312-Bouvier/vlsat3_l54.smt2,UN-UNSAT
QF_UFIDL/20210312-Bouvier/vlsat3_f46.smt2,UN-UNSAT
QF_UFIDL/20210312-Bouvier/vlsat3_f09.smt2,UN-UNSAT
QF_UFIDL/20210312-Bouvier/vlsat3_f20.smt2,UN-UNSAT
QF_UFIDL/20210312-Bouvier/vlsat3_f22.smt2,UN-UNSAT
QF_UFIDL/20210312-Bouvier/vlsat3_l97.smt2,UN-UNSAT
QF_UFIDL/20210312-Bouvier/vlsat3_f03.smt2,UN-UNSAT
QF_UFIDL/20210312-Bouvier/vlsat3_f88.smt2,UN-UNSAT
QF_UFIDL/20210312-Bouvier/vlsat3_l17.smt2,UN-UNSAT
QF_UFIDL/20210312-Bouvier/vlsat3_l56.smt2,UN-UNSAT
QF_UFIDL/20210312-Bouvier/vlsat3_l46.smt2,UN-UNSAT
QF_UFIDL/20210312-Bouvier/vlsat3_l89.smt2,UN-UNSAT
QF_UFIDL/20210312-Bouvier/vlsat3_f04.smt2,UN-UNSAT
QF_UFIDL/20210312-Bouvier/vlsat3_l36.smt2,UN-UNSAT
QF_UFIDL/20210312-Bouvier/vlsat3_l64.smt2,UN-UNSAT
QF_UFIDL/20210312-Bouvier/vlsat3_f87.smt2,UN-UNSAT
QF_UFIDL/20210312-Bouvier/vlsat3_f19.smt2,UN-UNSAT
QF_UFIDL/20210312-Bouvier/vlsat3_l91.smt2,UN-UNSAT
QF_UFIDL/20210312-Bouvier/vlsat3_l68.smt2,UN-UNSAT
QF_UFIDL/20210312-Bouvier/vlsat3_l69.smt2,UN-UNSAT
QF_UFIDL/20210312-Bouvier/vlsat3_f91.smt2,UN-UNSAT
QF_UFIDL/20210312-Bouvier/vlsat3_l02.smt2,UN-UNSAT
QF_UFIDL/20210312-Bouvier/vlsat3_f84.smt2,UN-UNSAT
QF_UFIDL/20210312-Bouvier/vlsat3_l53.smt2,UN-UNSAT
QF_UFIDL/20210312-Bouvier/vlsat3_l39.smt2,UN-UNSAT
QF_UFIDL/20210312-Bouvier/vlsat3_l81.smt2,UN-UNSAT
QF_UFIDL/20210312-Bouvier/vlsat3_f64.smt2,UN-UNSAT
QF_UFIDL/20210312-Bouvier/vlsat3_f94.smt2,UN-UNSAT
QF_UFIDL/20210312-Bouvier/vlsat3_l00.smt2,UN-UNSAT
QF_UFIDL/20210312-Bouvier/vlsat3_f30.smt2,UN-UNSAT
QF_UFIDL/20210312-Bouvier/vlsat3_l04.smt2,UN-UNSAT
QF_UFIDL/20210312-Bouvier/vlsat3_l22.smt2,UN-UNSAT
QF_UFIDL/20210312-Bouvier/vlsat3_f33.smt2,UN-UNSAT
QF_UFIDL/20210312-Bouvier/vlsat3_f25.smt2,UN-UNSAT
QF_UFIDL/20210312-Bouvier/vlsat3_f21.smt2,UN-UNSAT
QF_UFIDL/20210312-Bouvier/vlsat3_f32.smt2,UN-UNSAT
QF_UFIDL/20210312-Bouvier/vlsat3_l34.smt2,UN-UNSAT
QF_UFIDL/20210312-Bouvier/vlsat3_f43.smt2,UN-UNSAT
QF_UFIDL/20210312-Bouvier/vlsat3_l87.smt2,NO PROOF
QF_UFIDL/20210312-Bouvier/vlsat3_l77.smt2,UN-UNSAT
QF_UFIDL/20210312-Bouvier/vlsat3_l60.smt2,UN-UNSAT
QF_UFIDL/20210312-Bouvier/vlsat3_l24.smt2,UN-UNSAT
QF_UFIDL/20210312-Bouvier/vlsat3_l78.smt2,UN-UNSAT
QF_UFIDL/20210312-Bouvier/vlsat3_l79.smt2,UN-UNSAT
QF_UFIDL/20210312-Bouvier/vlsat3_f85.smt2,UN-UNSAT
QF_UFIDL/20210312-Bouvier/vlsat3_l66.smt2,UN-UNSAT
QF_UFIDL/20210312-Bouvier/vlsat3_f16.smt2,UN-UNSAT
QF_UFIDL/20210312-Bouvier/vlsat3_f11.smt2,UN-UNSAT
QF_UFIDL/20210312-Bouvier/vlsat3_f14.smt2,UN-UNSAT
QF_UFIDL/20210312-Bouvier/vlsat3_f97.smt2,UN-UNSAT
QF_UFIDL/20210312-Bouvier/vlsat3_l71.smt2,UN-UNSAT
QF_UFIDL/20210312-Bouvier/vlsat3_f18.smt2,UN-UNSAT
QF_UFIDL/20210312-Bouvier/vlsat3_f82.smt2,UN-UNSAT
QF_UFIDL/20210312-Bouvier/vlsat3_l05.smt2,UN-UNSAT
QF_UFIDL/20210312-Bouvier/vlsat3_l55.smt2,UN-UNSAT
QF_UFIDL/20210312-Bouvier/vlsat3_f79.smt2,UN-UNSAT
QF_UFIDL/20210312-Bouvier/vlsat3_f65.smt2,UN-UNSAT
QF_UFIDL/20210312-Bouvier/vlsat3_f06.smt2,UN-UNSAT
QF_UFIDL/20210312-Bouvier/vlsat3_l28.smt2,UN-UNSAT
QF_UFIDL/20210312-Bouvier/vlsat3_f36.smt2,UN-UNSAT
QF_UFIDL/20210312-Bouvier/vlsat3_l14.smt2,UN-UNSAT
QF_UFIDL/20210312-Bouvier/vlsat3_f49.smt2,UN-UNSAT
QF_UFIDL/20210312-Bouvier/vlsat3_f45.smt2,UN-UNSAT
QF_UFIDL/20210312-Bouvier/vlsat3_l23.smt2,UN-UNSAT
QF_UFIDL/20210312-Bouvier/vlsat3_f75.smt2,UN-UNSAT
QF_UFIDL/20210312-Bouvier/vlsat3_l65.smt2,UN-UNSAT
QF_UFIDL/20210312-Bouvier/vlsat3_l83.smt2,UN-UNSAT
QF_UFIDL/20210312-Bouvier/vlsat3_l95.smt2,UN-UNSAT
QF_UFIDL/20210312-Bouvier/vlsat3_l11.smt2,UN-UNSAT
QF_UFIDL/20210312-Bouvier/vlsat3_l03.smt2,UN-UNSAT
QF_UFIDL/20210312-Bouvier/vlsat3_l92.smt2,UN-UNSAT
QF_UFIDL/20210312-Bouvier/vlsat3_l45.smt2,UN-UNSAT
QF_UFIDL/20210312-Bouvier/vlsat3_l51.smt2,UN-UNSAT
QF_UFIDL/20210312-Bouvier/vlsat3_l19.smt2,UN-UNSAT
QF_UFIDL/20210312-Bouvier/vlsat3_f39.smt2,UN-UNSAT
QF_UFIDL/20210312-Bouvier/vlsat3_f08.smt2,UN-UNSAT
QF_UFIDL/20210312-Bouvier/vlsat3_l52.smt2,UN-UNSAT
QF_UFIDL/20210312-Bouvier/vlsat3_l15.smt2,UN-UNSAT
QF_UFIDL/20210312-Bouvier/vlsat3_f92.smt2,UN-UNSAT
QF_UFIDL/20210312-Bouvier/vlsat3_f80.smt2,UN-UNSAT
QF_UFIDL/20210312-Bouvier/vlsat3_l20.smt2,UN-UNSAT
QF_UFIDL/20210312-Bouvier/vlsat3_f52.smt2,UN-UNSAT
QF_UFIDL/20210312-Bouvier/vlsat3_f42.smt2,UN-UNSAT
QF_UFIDL/20210312-Bouvier/vlsat3_f70.smt2,UN-UNSAT
QF_UFIDL/20210312-Bouvier/vlsat3_f34.smt2,UN-UNSAT
QF_UFIDL/20210312-Bouvier/vlsat3_f95.smt2,UN-UNSAT
QF_UFIDL/20210312-Bouvier/vlsat3_f73.smt2,UN-UNSAT
QF_UFIDL/20210312-Bouvier/vlsat3_l99.smt2,UN-UNSAT
QF_UFIDL/20210312-Bouvier/vlsat3_l88.smt2,UN-UNSAT
QF_UFIDL/20210312-Bouvier/vlsat3_l25.smt2,UN-UNSAT
QF_UFIDL/20210312-Bouvier/vlsat3_l90.smt2,UN-UNSAT
QF_UFIDL/20210312-Bouvier/vlsat3_f61.smt2,UN-UNSAT
QF_UFIDL/20210312-Bouvier/vlsat3_l72.smt2,UN-UNSAT
QF_UFIDL/20210312-Bouvier/vlsat3_l62.smt2,UN-UNSAT
QF_UFIDL/20210312-Bouvier/vlsat3_l21.smt2,UN-UNSAT
QF_UFIDL/20210312-Bouvier/vlsat3_f28.smt2,UN-UNSAT
QF_UFIDL/20210312-Bouvier/vlsat3_f15.smt2,UN-UNSAT
QF_UFIDL/20210312-Bouvier/vlsat3_f55.smt2,UN-UNSAT
QF_UFIDL/20210312-Bouvier/vlsat3_f69.smt2,UN-UNSAT
QF_UFIDL/20210312-Bouvier/vlsat3_f37.smt2,UN-UNSAT
QF_UFIDL/20210312-Bouvier/vlsat3_f83.smt2,UN-UNSAT
QF_UFIDL/20210312-Bouvier/vlsat3_f27.smt2,UN-UNSAT
QF_UFIDL/20210312-Bouvier/vlsat3_f01.smt2,NO PROOF
QF_UFIDL/20210312-Bouvier/vlsat3_f60.smt2,UN-UNSAT
QF_UFIDL/20210312-Bouvier/vlsat3_f78.smt2,UN-UNSAT
QF_UFIDL/20210312-Bouvier/vlsat3_l63.smt2,UN-UNSAT
QF_UFIDL/20210312-Bouvier/vlsat3_l31.smt2,UN-UNSAT
QF_UFIDL/20210312-Bouvier/vlsat3_f44.smt2,UN-UNSAT
QF_UFIDL/20210312-Bouvier/vlsat3_l07.smt2,UN-UNSAT
QF_UFIDL/20210312-Bouvier/vlsat3_l67.smt2,UN-UNSAT
QF_UFIDL/20210312-Bouvier/vlsat3_l43.smt2,UN-UNSAT
QF_UFIDL/20210312-Bouvier/vlsat3_f62.smt2,UN-UNSAT
QF_UFIDL/20210312-Bouvier/vlsat3_l37.smt2,UN-UNSAT
QF_UFIDL/20210312-Bouvier/vlsat3_l49.smt2,UN-UNSAT
QF_UFIDL/20210312-Bouvier/vlsat3_l13.smt2,UN-UNSAT
QF_UFIDL/20210312-Bouvier/vlsat3_l96.smt2,UN-UNSAT
QF_UFIDL/20210312-Bouvier/vlsat3_f12.smt2,UN-UNSAT
QF_UFIDL/20210312-Bouvier/vlsat3_f31.smt2,UN-UNSAT
QF_UFIDL/20210312-Bouvier/vlsat3_f00.smt2,UN-UNSAT
QF_UFIDL/20210312-Bouvier/vlsat3_f38.smt2,UN-UNSAT
QF_UFIDL/20210312-Bouvier/vlsat3_f68.smt2,UN-UNSAT
QF_UFIDL/20210312-Bouvier/vlsat3_l94.smt2,UN-UNSAT
QF_UFIDL/20210312-Bouvier/vlsat3_f76.smt2,UN-UNSAT
QF_UFIDL/20210312-Bouvier/vlsat3_l01.smt2,UN-UNSAT
QF_UFIDL/20210312-Bouvier/vlsat3_f98.smt2,UN-UNSAT
QF_UFIDL/20210312-Bouvier/vlsat3_f10.smt2,UN-UNSAT
QF_UFIDL/20210312-Bouvier/vlsat3_l59.smt2,UN-UNSAT
QF_UFIDL/20210312-Bouvier/vlsat3_l29.smt2,UN-UNSAT
QF_UFIDL/20210312-Bouvier/vlsat3_l40.smt2,UN-UNSAT
QF_UFIDL/20210312-Bouvier/vlsat3_l70.smt2,UN-UNSAT
QF_UFIDL/20210312-Bouvier/vlsat3_f72.smt2,UN-UNSAT
QF_UFIDL/20210312-Bouvier/vlsat3_l41.smt2,UN-UNSAT
QF_UFIDL/20210312-Bouvier/vlsat3_l50.smt2,UN-UNSAT
QF_UFIDL/20210312-Bouvier/vlsat3_l08.smt2,UN-UNSAT
QF_UFIDL/20210312-Bouvier/vlsat3_l38.smt2,UN-UNSAT
QF_UFIDL/20210312-Bouvier/vlsat3_f13.smt2,UN-UNSAT
QF_UFIDL/20210312-Bouvier/vlsat3_f96.smt2,UN-UNSAT
QF_UFIDL/20210312-Bouvier/vlsat3_f54.smt2,UN-UNSAT
QF_UFIDL/20210312-Bouvier/vlsat3_f81.smt2,UN-UNSAT
QF_UFIDL/20210312-Bouvier/vlsat3_f86.smt2,UN-UNSAT
QF_UFIDL/20210312-Bouvier/vlsat3_f05.smt2,UN-UNSAT
QF_UFIDL/20210312-Bouvier/vlsat3_l76.smt2,UN-UNSAT
QF_UFIDL/20210312-Bouvier/vlsat3_l12.smt2,UN-UNSAT
QF_UFIDL/20210312-Bouvier/vlsat3_l27.smt2,UN-UNSAT
QF_UFIDL/20210312-Bouvier/vlsat3_l48.smt2,UN-UNSAT
QF_UFIDL/20210312-Bouvier/vlsat3_f89.smt2,UN-UNSAT
QF_UFIDL/20210312-Bouvier/vlsat3_l57.smt2,UN-UNSAT
QF_UFIDL/20210312-Bouvier/vlsat3_f74.smt2,UN-UNSAT
QF_UFIDL/20210312-Bouvier/vlsat3_f56.smt2,UN-UNSAT
QF_UFIDL/20210312-Bouvier/vlsat3_f23.smt2,UN-UNSAT
QF_UFIDL/20210312-Bouvier/vlsat3_f99.smt2,UN-UNSAT
QF_UFIDL/20210312-Bouvier/vlsat3_f90.smt2,UN-UNSAT
QF_UFIDL/20210312-Bouvier/vlsat3_f29.smt2,UN-UNSAT
QF_UFIDL/20210312-Bouvier/vlsat3_l98.smt2,NO PROOF
QF_UFIDL/20210312-Bouvier/vlsat3_l30.smt2,UN-UNSAT
QF_UFIDL/20210312-Bouvier/vlsat3_l32.smt2,UN-UNSAT
QF_UFIDL/20210312-Bouvier/vlsat3_l26.smt2,UN-UNSAT
QF_UFIDL/20210312-Bouvier/vlsat3_f35.smt2,UN-UNSAT
QF_UFIDL/20210312-Bouvier/vlsat3_f67.smt2,UN-UNSAT
QF_UFIDL/20210312-Bouvier/vlsat3_l80.smt2,UN-UNSAT
QF_UFIDL/20210312-Bouvier/vlsat3_f57.smt2,UN-UNSAT
QF_UFIDL/20210312-Bouvier/vlsat3_l06.smt2,UN-UNSAT
QF_UFIDL/20210312-Bouvier/vlsat3_f77.smt2,UN-UNSAT
QF_UFIDL/mathsat/EufLaArithmetic/vhard/vhard3.smt2,NO PROOF
QF_UFIDL/mathsat/EufLaArithmetic/vhard/vhard6.smt2,NO PROOF
QF_UFIDL/mathsat/EufLaArithmetic/vhard/vhard15.smt2,UN-UNSAT
QF_UFIDL/mathsat/EufLaArithmetic/vhard/vhard7.smt2,NO PROOF
QF_UFIDL/mathsat/EufLaArithmetic/vhard/vhard19.smt2,UN-UNSAT
QF_UFIDL/mathsat/EufLaArithmetic/vhard/vhard9.smt2,NO PROOF
QF_UFIDL/mathsat/EufLaArithmetic/vhard/vhard4.smt2,NO PROOF
QF_UFIDL/mathsat/EufLaArithmetic/vhard/vhard5.smt2,NO PROOF
QF_UFIDL/mathsat/EufLaArithmetic/vhard/vhard14.smt2,UN-UNSAT
QF_UFIDL/mathsat/EufLaArithmetic/vhard/vhard16.smt2,UN-UNSAT
QF_UFIDL/mathsat/EufLaArithmetic/vhard/vhard18.smt2,UN-UNSAT
QF_UFIDL/mathsat/EufLaArithmetic/vhard/vhard2.smt2,NO PROOF
QF_UFIDL/mathsat/EufLaArithmetic/vhard/vhard13.smt2,UN-UNSAT
QF_UFIDL/mathsat/EufLaArithmetic/vhard/vhard8.smt2,NO PROOF
QF_UFIDL/mathsat/EufLaArithmetic/vhard/vhard20.smt2,UN-UNSAT
QF_UFIDL/mathsat/EufLaArithmetic/vhard/vhard12.smt2,UN-UNSAT
QF_UFIDL/mathsat/EufLaArithmetic/vhard/vhard10.smt2,NO PROOF
QF_UFIDL/mathsat/EufLaArithmetic/vhard/vhard11.smt2,NO PROOF
QF_UFIDL/mathsat/EufLaArithmetic/vhard/vhard17.smt2,UN-UNSAT
QF_UFIDL/UCLID-pred/OOO/OOO3.smt2,UN-UNSAT
QF_UFIDL/UCLID-pred/OOO/OOO0.smt2,UN-UNSAT
QF_UFIDL/UCLID-pred/OOO/OOO1.smt2,UN-UNSAT
QF_UFIDL/UCLID-pred/OOO/OOO7.smt2,UN-UNSAT
QF_UFIDL/UCLID-pred/OOO/OOO5.smt2,UN-UNSAT
QF_UFIDL/UCLID-pred/OOO/OOO6.smt2,UN-UNSAT
QF_UFIDL/UCLID-pred/OOO/OOO2.smt2,UN-UNSAT
QF_UFIDL/UCLID-pred/OOO/OOO9.smt2,NO PROOF
QF_UFIDL/UCLID-pred/OOO/OOO4.smt2,UN-UNSAT
QF_UFIDL/UCLID-pred/OOO/OOO8.smt2,UN-UNSAT
QF_UFIDL/UCLID-pred/aodv/aodv0.smt2,UN-UNSAT
QF_UFIDL/UCLID-pred/aodv/aodv1.smt2,UN-UNSAT
QF_UFIDL/UCLID-pred/aodv/aodv5.smt2,UN-UNSAT
QF_UFIDL/UCLID-pred/aodv/aodv3.smt2,UN-UNSAT
QF_UFIDL/UCLID-pred/aodv/aodv4.smt2,UN-UNSAT
QF_UFIDL/UCLID-pred/aodv/aodv2.smt2,UN-UNSAT
QF_UFIDL/UCLID-pred/aodv/aodv6.smt2,NO PROOF
QF_UFIDL/UCLID-pred/bakery/LamportBakery0.smt2,UN-UNSAT
QF_UFIDL/UCLID-pred/bakery/LamportBakery15.smt2,UN-UNSAT
QF_UFIDL/UCLID-pred/bakery/LamportBakery10.smt2,UN-UNSAT
QF_UFIDL/UCLID-pred/bakery/LamportBakery2.smt2,UN-UNSAT
QF_UFIDL/UCLID-pred/bakery/LamportBakery13.smt2,UN-UNSAT
QF_UFIDL/UCLID-pred/bakery/LamportBakery5.smt2,UN-UNSAT
QF_UFIDL/UCLID-pred/bakery/LamportBakery8.smt2,UN-UNSAT
QF_UFIDL/UCLID-pred/bakery/LamportBakery1.smt2,UN-UNSAT
QF_UFIDL/UCLID-pred/bakery/LamportBakery12.smt2,UN-UNSAT
QF_UFIDL/UCLID-pred/bakery/LamportBakery17.smt2,UN-UNSAT
QF_UFIDL/UCLID-pred/bakery/LamportBakery9.smt2,UN-UNSAT
QF_UFIDL/UCLID-pred/bakery/LamportBakery7.smt2,UN-UNSAT
QF_UFIDL/UCLID-pred/bakery/LamportBakery11.smt2,UN-UNSAT
QF_UFIDL/UCLID-pred/bakery/LamportBakery4.smt2,UN-UNSAT
QF_UFIDL/UCLID-pred/bakery/LamportBakery14.smt2,UN-UNSAT
QF_UFIDL/UCLID-pred/bakery/LamportBakery6.smt2,UN-UNSAT
QF_UFIDL/UCLID-pred/bakery/LamportBakery18.smt2,NO PROOF
QF_UFIDL/UCLID-pred/bakery/LamportBakery3.smt2,UN-UNSAT
QF_UFIDL/UCLID-pred/bakery/LamportBakery16.smt2,UN-UNSAT
QF_UFIDL/UCLID-pred/BRP/BRP1.smt2,UN-UNSAT
QF_UFIDL/UCLID-pred/BRP/BRP4.smt2,UN-UNSAT
QF_UFIDL/UCLID-pred/BRP/BRP6.smt2,UN-UNSAT
QF_UFIDL/UCLID-pred/BRP/BRP2.smt2,UN-UNSAT
QF_UFIDL/UCLID-pred/BRP/BRP5.smt2,UN-UNSAT
QF_UFIDL/UCLID-pred/BRP/BRP9.smt2,NO PROOF
QF_UFIDL/UCLID-pred/BRP/BRP7.smt2,UN-UNSAT
QF_UFIDL/UCLID-pred/BRP/BRP8.smt2,UN-UNSAT
QF_UFIDL/UCLID-pred/BRP/BRP3.smt2,UN-UNSAT
QF_UFIDL/UCLID-pred/DLX/DLX1C1.smt2,UN-UNSAT
QF_UFIDL/UCLID-pred/DLX/DLX1C5.smt2,NO PROOF
QF_UFIDL/UCLID-pred/DLX/DLX1C2.smt2,UN-UNSAT
QF_UFIDL/UCLID-pred/DLX/DLX1C3.smt2,UN-UNSAT
QF_UFIDL/UCLID-pred/DLX/DLX1C0.smt2,UN-UNSAT
QF_UFIDL/UCLID-pred/DLX/DLX1C4.smt2,UN-UNSAT
QF_UFIDL/UCLID-pred/ibm_cache/ibm_cache_full_q_unbounded13.smt2,UN-UNSAT
QF_UFIDL/UCLID-pred/ibm_cache/ibm_cache_full_q_unbounded17.smt2,NO PROOF
QF_UFIDL/UCLID-pred/ibm_cache/ibm_cache_full2.smt2,UN-UNSAT
QF_UFIDL/UCLID-pred/ibm_cache/ibm_cache_full_q_unbounded16.smt2,UN-UNSAT
QF_UFIDL/UCLID-pred/ibm_cache/ibm_cache_full_q_unbounded3.smt2,UN-UNSAT
QF_UFIDL/UCLID-pred/ibm_cache/ibm_cache_full9.smt2,NO PROOF
QF_UFIDL/UCLID-pred/ibm_cache/ibm_cache_full3.smt2,UN-UNSAT
QF_UFIDL/UCLID-pred/ibm_cache/ibm_cache_full_q_unbounded14.smt2,UN-UNSAT
QF_UFIDL/UCLID-pred/ibm_cache/ibm_cache_full_q_unbounded7.smt2,UN-UNSAT
QF_UFIDL/UCLID-pred/ibm_cache/ibm_cache_full_q_unbounded4.smt2,UN-UNSAT
QF_UFIDL/UCLID-pred/ibm_cache/ibm_cache_full_q_unbounded11.smt2,UN-UNSAT
QF_UFIDL/UCLID-pred/ibm_cache/ibm_cache_full_q_unbounded12.smt2,UN-UNSAT
QF_UFIDL/UCLID-pred/ibm_cache/ibm_cache_full_q_unbounded8.smt2,UN-UNSAT
QF_UFIDL/UCLID-pred/ibm_cache/ibm_cache_full_q_unbounded10.smt2,UN-UNSAT
QF_UFIDL/UCLID-pred/ibm_cache/ibm_cache_full6.smt2,UN-UNSAT
QF_UFIDL/UCLID-pred/ibm_cache/ibm_cache_full_q_unbounded5.smt2,UN-UNSAT
QF_UFIDL/UCLID-pred/ibm_cache/ibm_cache_full_q_unbounded6.smt2,UN-UNSAT
QF_UFIDL/UCLID-pred/ibm_cache/ibm_cache_full5.smt2,UN-UNSAT
QF_UFIDL/UCLID-pred/ibm_cache/ibm_cache_full1.smt2,UN-UNSAT
QF_UFIDL/UCLID-pred/ibm_cache/ibm_cache_full_q_unbounded9.smt2,UN-UNSAT
QF_UFIDL/UCLID-pred/ibm_cache/ibm_cache_full_q_unbounded2.smt2,UN-UNSAT
QF_UFIDL/UCLID-pred/ibm_cache/ibm_cache_full4.smt2,UN-UNSAT
QF_UFIDL/UCLID-pred/ibm_cache/ibm_cache_full8.smt2,UN-UNSAT
QF_UFIDL/UCLID-pred/ibm_cache/ibm_cache_full_q_unbounded1.smt2,UN-UNSAT
QF_UFIDL/UCLID-pred/ibm_cache/ibm_cache_full_q_unbounded0.smt2,UN-UNSAT
QF_UFIDL/UCLID-pred/ibm_cache/ibm_cache_full0.smt2,UN-UNSAT
QF_UFIDL/UCLID-pred/ibm_cache/ibm_cache_full7.smt2,UN-UNSAT
QF_UFIDL/UCLID-pred/ibm_cache/ibm_cache_full_q_unbounded15.smt2,UN-UNSAT
QF_UFIDL/pete3/bug_file5.smt2,UN-UNSAT
QF_UFIDL/pete3/bug_file4.smt2,UN-UNSAT
QF_UFIDL/pete3/bug_file2.smt2,UN-UNSAT
QF_UFIDL/pete3/bug_file3.smt2,UN-UNSAT
QF_UFIDL/pete3/bug_file6.smt2,UN-UNSAT
QF_UFIDL/pete3/bug_file1.smt2,UN-UNSAT
QF_UFIDL/pete2/f10id.smt2,UN-UNSAT
QF_UFIDL/pete2/c10nidw.smt2,NO PROOF
QF_UFIDL/pete2/c10b_s.smt2,NO PROOF
QF_UFIDL/pete2/c6bidw_i.smt2,NO PROOF
QF_UFIDL/pete2/c6b_i.smt2,NO PROOF
QF_UFIDL/pete2/c6nidw_s.smt2,NO PROOF
QF_UFIDL/pete2/g9nidw.smt2,UN-UNSAT
QF_UFIDL/pete2/f6idw.smt2,NO PROOF
QF_UFIDL/pete2/c7b.smt2,NO PROOF
QF_UFIDL/pete2/c6ni_i.smt2,NO PROOF
QF_UFIDL/pete2/f10b.smt2,UN-UNSAT
QF_UFIDL/pete2/c10bidw_i.smt2,NO PROOF
QF_UFIDL/pete2/g6i.smt2,NO PROOF
QF_UFIDL/pete2/c9nidw_s.smt2,NO PROOF
QF_UFIDL/pete2/c9nidw.smt2,NO PROOF
QF_UFIDL/pete2/c6nid.smt2,NO PROOF
QF_UFIDL/pete2/c7n_i.smt2,NO PROOF
QF_UFIDL/pete2/f9n.smt2,UN-UNSAT
QF_UFIDL/pete2/f6ni.smt2,NO PROOF
QF_UFIDL/pete2/c6_i.smt2,NO PROOF
QF_UFIDL/pete2/c8idw_i.smt2,NO PROOF
QF_UFIDL/pete2/g6n.smt2,NO PROOF
QF_UFIDL/pete2/g7b.smt2,NO PROOF
QF_UFIDL/pete2/f6b.smt2,NO PROOF
QF_UFIDL/pete2/g10bidw.smt2,UN-UNSAT
QF_UFIDL/pete2/c10bi_s.smt2,NO PROOF
QF_UFIDL/pete2/c6ni.smt2,NO PROOF
QF_UFIDL/pete2/g10idw.smt2,UN-UNSAT
QF_UFIDL/pete2/c9idw.smt2,NO PROOF
QF_UFIDL/pete2/f9.smt2,UN-UNSAT
QF_UFIDL/pete2/f10i.smt2,UN-UNSAT
QF_UFIDL/pete2/c10ni_s.smt2,NO PROOF
QF_UFIDL/pete2/c10ni_i.smt2,NO PROOF
QF_UFIDL/pete2/c9nidw_i.smt2,NO PROOF
QF_UFIDL/pete2/f10bidw.smt2,UN-UNSAT
QF_UFIDL/pete2/c6i_i.smt2,NO PROOF
QF_UFIDL/pete2/c6id_i.smt2,NO PROOF
QF_UFIDL/pete2/c8nidw_i.smt2,NO PROOF
QF_UFIDL/pete2/f9bidw.smt2,UN-UNSAT
QF_UFIDL/pete2/c9.smt2,NO PROOF
QF_UFIDL/pete2/c10bid_i.smt2,NO PROOF
QF_UFIDL/pete2/g10nidw.smt2,UN-UNSAT
QF_UFIDL/pete2/c6bid_s.smt2,NO PROOF
QF_UFIDL/pete2/g8bidw.smt2,NO PROOF
QF_UFIDL/pete2/c10bid_s.smt2,NO PROOF
QF_UFIDL/pete2/f6nidw.smt2,NO PROOF
QF_UFIDL/pete2/f10n.smt2,UN-UNSAT
QF_UFIDL/pete2/c8idw_s.smt2,NO PROOF
QF_UFIDL/pete2/g6bid.smt2,NO PROOF
QF_UFIDL/pete2/f10ni.smt2,UN-UNSAT
QF_UFIDL/pete2/c8b_s.smt2,NO PROOF
QF_UFIDL/pete2/c7b_i.smt2,NO PROOF
QF_UFIDL/pete2/f6id.smt2,NO PROOF
QF_UFIDL/pete2/c8n_s.smt2,NO PROOF
QF_UFIDL/pete2/c6nidw_i.smt2,NO PROOF
QF_UFIDL/pete2/g7bidw.smt2,NO PROOF
QF_UFIDL/pete2/c6n.smt2,NO PROOF
QF_UFIDL/pete2/c6n_s.smt2,NO PROOF
QF_UFIDL/pete2/f10.smt2,UN-UNSAT
QF_UFIDL/pete2/c8bidw.smt2,NO PROOF
QF_UFIDL/pete2/c9bidw_s.smt2,NO PROOF
QF_UFIDL/pete2/g10i.smt2,NO PROOF
QF_UFIDL/pete2/c9_i.smt2,NO PROOF
QF_UFIDL/pete2/g10.smt2,NO PROOF
QF_UFIDL/pete2/c7bidw_s.smt2,NO PROOF
QF_UFIDL/pete2/g9idw.smt2,NO PROOF
QF_UFIDL/pete2/c8idw.smt2,NO PROOF
QF_UFIDL/pete2/f9b.smt2,UN-UNSAT
QF_UFIDL/pete2/g7idw.smt2,NO PROOF
QF_UFIDL/pete2/c7_s.smt2,NO PROOF
QF_UFIDL/pete2/c6bidw_s.smt2,NO PROOF
QF_UFIDL/pete2/c6idw_i.smt2,NO PROOF
QF_UFIDL/pete2/c7.smt2,NO PROOF
QF_UFIDL/pete2/g9bidw.smt2,UN-UNSAT
QF_UFIDL/pete2/c9idw_s.smt2,NO PROOF
QF_UFIDL/pete2/c7_i.smt2,NO PROOF
QF_UFIDL/pete2/g6.smt2,NO PROOF
QF_UFIDL/pete2/c7idw.smt2,NO PROOF
QF_UFIDL/pete2/c10bidw.smt2,NO PROOF
QF_UFIDL/pete2/c9b_i.smt2,NO PROOF
QF_UFIDL/pete2/c6b.smt2,NO PROOF
QF_UFIDL/pete2/c6ni_s.smt2,NO PROOF
QF_UFIDL/pete2/c9b.smt2,NO PROOF
QF_UFIDL/pete2/g7.smt2,NO PROOF
QF_UFIDL/pete2/g8nidw.smt2,NO PROOF
QF_UFIDL/pete2/g9b.smt2,NO PROOF
QF_UFIDL/pete2/c8_i.smt2,NO PROOF
QF_UFIDL/pete2/f7n.smt2,NO PROOF
QF_UFIDL/pete2/f8nidw.smt2,UN-UNSAT
QF_UFIDL/pete2/c10i_i.smt2,NO PROOF
QF_UFIDL/pete2/c10n_s.smt2,NO PROOF
QF_UFIDL/pete2/c10bid.smt2,NO PROOF
QF_UFIDL/pete2/c8nidw.smt2,NO PROOF
QF_UFIDL/pete2/g8b.smt2,NO PROOF
QF_UFIDL/pete2/g8.smt2,NO PROOF
QF_UFIDL/pete2/f10nidw.smt2,UN-UNSAT
QF_UFIDL/pete2/f6bidw.smt2,NO PROOF
QF_UFIDL/pete2/c8n.smt2,NO PROOF
QF_UFIDL/pete2/c8bidw_i.smt2,NO PROOF
QF_UFIDL/pete2/c10_i.smt2,NO PROOF
QF_UFIDL/pete2/c10bi.smt2,NO PROOF
QF_UFIDL/pete2/g6nid.smt2,NO PROOF
QF_UFIDL/pete2/c8_s.smt2,NO PROOF
QF_UFIDL/pete2/c6bid_i.smt2,NO PROOF
QF_UFIDL/pete2/c8nidw_s.smt2,NO PROOF
QF_UFIDL/pete2/c6.smt2,NO PROOF
QF_UFIDL/pete2/g7n.smt2,NO PROOF
QF_UFIDL/pete2/c9b_s.smt2,NO PROOF
QF_UFIDL/pete2/c10id.smt2,NO PROOF
QF_UFIDL/pete2/g10n.smt2,NO PROOF
QF_UFIDL/pete2/c6n_i.smt2,NO PROOF
QF_UFIDL/pete2/g10bid.smt2,UN-UNSAT
QF_UFIDL/pete2/f6i.smt2,NO PROOF
QF_UFIDL/pete2/g6id.smt2,NO PROOF
QF_UFIDL/pete2/f9idw.smt2,UN-UNSAT
QF_UFIDL/pete2/c7n_s.smt2,NO PROOF
QF_UFIDL/pete2/f8bidw.smt2,UN-UNSAT
QF_UFIDL/pete2/f8idw.smt2,UN-UNSAT
QF_UFIDL/pete2/g6b.smt2,NO PROOF
QF_UFIDL/pete2/c6_s.smt2,NO PROOF
QF_UFIDL/pete2/c8n_i.smt2,NO PROOF
QF_UFIDL/pete2/f7.smt2,NO PROOF
QF_UFIDL/pete2/c6b_s.smt2,NO PROOF
QF_UFIDL/pete2/c8b_i.smt2,NO PROOF
QF_UFIDL/pete2/g10ni.smt2,NO PROOF
QF_UFIDL/pete2/c7b_s.smt2,NO PROOF
QF_UFIDL/pete2/f6nid.smt2,NO PROOF
QF_UFIDL/pete2/g10bi.smt2,NO PROOF
QF_UFIDL/pete2/g6idw.smt2,NO PROOF
QF_UFIDL/pete2/g6bi.smt2,NO PROOF
QF_UFIDL/pete2/c10.smt2,NO PROOF
QF_UFIDL/pete2/c10b_i.smt2,NO PROOF
QF_UFIDL/pete2/c6nidw.smt2,NO PROOF
QF_UFIDL/pete2/c10i_s.smt2,NO PROOF
QF_UFIDL/pete2/c7nidw_s.smt2,NO PROOF
QF_UFIDL/pete2/g7nidw.smt2,NO PROOF
QF_UFIDL/pete2/c10idw.smt2,NO PROOF
QF_UFIDL/pete2/c10idw_i.smt2,NO PROOF
QF_UFIDL/pete2/c6bidw.smt2,NO PROOF
QF_UFIDL/pete2/g9n.smt2,NO PROOF
QF_UFIDL/pete2/g10nid.smt2,UN-UNSAT
QF_UFIDL/pete2/g10b.smt2,NO PROOF
QF_UFIDL/pete2/c10id_i.smt2,NO PROOF
QF_UFIDL/pete2/f10bid.smt2,UN-UNSAT
QF_UFIDL/pete2/g6bidw.smt2,NO PROOF
QF_UFIDL/pete2/c8b.smt2,NO PROOF
QF_UFIDL/pete2/f7nidw.smt2,NO PROOF
QF_UFIDL/pete2/c6idw_s.smt2,NO PROOF
QF_UFIDL/pete2/c9_s.smt2,NO PROOF
QF_UFIDL/pete2/f8.smt2,NO PROOF
QF_UFIDL/pete2/c7nidw_i.smt2,NO PROOF
QF_UFIDL/pete2/f6.smt2,NO PROOF
QF_UFIDL/pete2/c7n.smt2,NO PROOF
QF_UFIDL/pete2/c10ni.smt2,NO PROOF
QF_UFIDL/pete2/f7bidw.smt2,NO PROOF
QF_UFIDL/pete2/c10nidw_i.smt2,NO PROOF
QF_UFIDL/pete2/c10nid_s.smt2,NO PROOF
QF_UFIDL/pete2/g8idw.smt2,NO PROOF
QF_UFIDL/pete2/c9bidw_i.smt2,NO PROOF
QF_UFIDL/pete2/c9n_i.smt2,NO PROOF
QF_UFIDL/pete2/c7idw_s.smt2,NO PROOF
QF_UFIDL/pete2/c10nidw_s.smt2,NO PROOF
QF_UFIDL/pete2/c9idw_i.smt2,NO PROOF
QF_UFIDL/pete2/c10i.smt2,NO PROOF
QF_UFIDL/pete2/g8n.smt2,NO PROOF
QF_UFIDL/pete2/c6idw.smt2,NO PROOF
QF_UFIDL/pete2/c10nid_i.smt2,NO PROOF
QF_UFIDL/pete2/f8b.smt2,NO PROOF
QF_UFIDL/pete2/c6bi_s.smt2,NO PROOF
QF_UFIDL/pete2/c10b.smt2,NO PROOF
QF_UFIDL/pete2/c6bi_i.smt2,NO PROOF
QF_UFIDL/pete2/c10n_i.smt2,NO PROOF
QF_UFIDL/pete2/c6bid.smt2,NO PROOF
QF_UFIDL/pete2/f7b.smt2,NO PROOF
QF_UFIDL/pete2/g9.smt2,NO PROOF
QF_UFIDL/pete2/c6i_s.smt2,NO PROOF
QF_UFIDL/pete2/f10idw.smt2,UN-UNSAT
QF_UFIDL/pete2/c10n.smt2,NO PROOF
QF_UFIDL/pete2/c9n_s.smt2,NO PROOF
QF_UFIDL/pete2/c8.smt2,NO PROOF
QF_UFIDL/pete2/c9bidw.smt2,NO PROOF
QF_UFIDL/pete2/f7idw.smt2,NO PROOF
QF_UFIDL/pete2/c7bidw.smt2,NO PROOF
QF_UFIDL/pete2/f8n.smt2,NO PROOF
QF_UFIDL/pete2/c10nid.smt2,NO PROOF
QF_UFIDL/pete2/c6bi.smt2,NO PROOF
QF_UFIDL/pete2/c10id_s.smt2,NO PROOF
QF_UFIDL/pete2/c9n.smt2,NO PROOF
QF_UFIDL/pete2/c6id.smt2,NO PROOF
QF_UFIDL/pete2/c6nid_s.smt2,NO PROOF
QF_UFIDL/pete2/c10_s.smt2,NO PROOF
QF_UFIDL/pete2/c10bi_i.smt2,NO PROOF
QF_UFIDL/pete2/c6id_s.smt2,NO PROOF
QF_UFIDL/pete2/c6i.smt2,NO PROOF
QF_UFIDL/pete2/c8bidw_s.smt2,NO PROOF
QF_UFIDL/pete2/g10id.smt2,UN-UNSAT
QF_UFIDL/pete2/c6nid_i.smt2,NO PROOF
QF_UFIDL/pete2/g6nidw.smt2,NO PROOF
QF_UFIDL/pete2/f6bi.smt2,NO PROOF
QF_UFIDL/pete2/c7bidw_i.smt2,NO PROOF
QF_UFIDL/pete2/f6n.smt2,NO PROOF
QF_UFIDL/pete2/c10idw_s.smt2,NO PROOF
QF_UFIDL/pete2/c7nidw.smt2,NO PROOF
QF_UFIDL/pete2/c10bidw_s.smt2,NO PROOF
QF_UFIDL/pete2/f9nidw.smt2,UN-UNSAT
QF_UFIDL/pete2/c7idw_i.smt2,NO PROOF
QF_UFIDL/pete2/f6bid.smt2,NO PROOF
QF_UFIDL/pete2/g6ni.smt2,NO PROOF
QF_UFIDL/pete2/f10bi.smt2,UN-UNSAT
QF_UFIDL/pete2/f10nid.smt2,UN-UNSAT
QF_UFIDL/RTCL/b13_tf_100/b13_tf_100.smt2,NO PROOF
TOTAL TIME 361.812
TIMESTAMP 2022-05-05 17:37:47
